{"schemaVersion":"1.0","appDefinitionTemplate":{"id":"/providers/Microsoft.PowerApps/apps/","type":"Microsoft.PowerApps/apps","tags":{"primaryDeviceWidth":"1366","primaryDeviceHeight":"768","sienaVersion":"20200416T082944Z-3.20023.8.0","deviceCapabilities":"","supportsPortrait":"false","supportsLandscape":"true","primaryFormFactor":"Tablet","publisherVersion":"3.20023.8","minimumRequiredApiVersion":"2.2.0","hasComponent":"false","hasUnlockedComponent":"false"},"properties":{"appVersion":"2020-04-16T08:29:44Z","lifeCycleId":"Published","createdByClientVersion":{"major":3,"minor":20023,"build":8,"revision":0,"majorRevision":0,"minorRevision":0},"minClientVersion":{"major":3,"minor":20023,"build":8,"revision":0,"majorRevision":0,"minorRevision":0},"backgroundColor":"rgba(0, 176, 240, 1)","backgroundImageUri":"/17853668972668608700/N51be4e8b-21ec-42fc-8e10-b56d4a1cb8de-logoSmallFile","displayName":"My Learning v3 - SP","description":"","commitMessage":"","appUris":{"documentUri":{"value":"/17853668972668608700/N849b1941-3866-4ca0-a684-8b40381d4437-document.msapp","readonlyValue":"/17853668972668608700/N849b1941-3866-4ca0-a684-8b40381d4437-document.msapp"},"imageUris":[]},"createdTime":"0001-01-01T00:00:00Z","lastModifiedTime":"0001-01-01T00:00:00Z","sharedGroupsCount":0,"sharedUsersCount":0,"icons":{"smallIconUri":"/17853668972668608700/N9fa466fe-6cd7-47fd-ad2f-08aebcf42088-small.png","mediumIconUri":"/17853668972668608700/Nedc24e0e-c432-4d05-a98f-3a65bc1af51f-medium.png","largeIconUri":"/17853668972668608700/N84350346-a41e-4f4e-b26c-3bd8252fa74a-large.png","wideIconUri":"/17853668972668608700/Nff452ec2-302e-47dd-a5ec-9ea769a6a78c-wide.png"},"connectionReferences":{"dd67eab7-f80b-40c5-96f3-58b83119d706":{"id":"1d2ecf12-a4d8-4f31-93ac-a7b5a20c8454","displayName":"SharePoint","iconUri":"https://connectoricons-prod.azureedge.net/sharepointonline/icon_1.0.1329.1953.png","dataSources":["Course","CourseResult"],"dependencies":[],"dependents":[],"parameterHints":{},"isOnPremiseConnection":false,"bypassConsent":false,"dataSets":{"https://microsofteur.sharepoint.com/teams/LearningApp":{"dataSources":{"Course":{"tableName":"73f1dcea-6347-460a-965d-1a113cfe3e33"},"CourseResult":{"tableName":"9df31fd5-fb01-4ed9-abc1-679feae4f60e"}}}},"apiTier":"Standard","isCustomApiConnection":false}},"databaseReferences":{},"almMode":"Environment","performanceOptimizationEnabled":false,"canConsumeAppPass":true},"isAppComponentLibrary":false,"appType":"ClassicCanvasApp","appComponents":[]}}